prompt_id,evaluator_id,layer_index,mean_distance_to_self_answer,min_distance_to_self_answer,max_distance_to_self_answer,distance_to_self_spread,mean_distance_to_centroid,allocation_spread,negative_mass_sum,positive_mass_sum
p001,Qwen/Qwen2.5-7B-Instruct::normal_01,16,17.73046112060547,14.71475887298584,19.716365814208984,5.0016069412231445,8.15412425994873,0.55,0.25,0.75
p001,Qwen/Qwen2.5-7B-Instruct::normal_02,16,16.745738983154297,13.894643783569336,19.206348419189453,5.311704635620117,8.644190788269043,0.6,0.25,0.75
p001,Qwen/Qwen2.5-7B-Instruct::normal_03,16,18.29608154296875,12.4725341796875,20.925464630126953,8.452930450439453,8.475268363952637,0.7,0.4,0.6
p001,Qwen/Qwen2.5-7B-Instruct::normal_04,16,17.755905151367188,13.372651100158691,20.86320686340332,7.490555763244629,8.801493644714355,0.6,0.3,0.7
p002,Qwen/Qwen2.5-7B-Instruct::normal_01,16,22.691417694091797,16.474910736083984,27.626144409179688,11.151233673095703,11.712440490722656,0.35,0.0,0.9999999999999999
p002,Qwen/Qwen2.5-7B-Instruct::normal_02,16,20.66652488708496,16.480451583862305,24.53020477294922,8.049753189086914,11.802229881286621,0.65,0.2,0.8
p002,Qwen/Qwen2.5-7B-Instruct::normal_03,16,20.921009063720703,16.289640426635742,24.442733764648438,8.153093338012695,11.802229881286621,0.85,0.4,0.6
p002,Qwen/Qwen2.5-7B-Instruct::normal_04,16,21.058862686157227,18.93314552307129,22.64556121826172,3.7124156951904297,11.984160423278809,0.75,0.3,0.7
p003,Qwen/Qwen2.5-7B-Instruct::normal_01,16,14.56158447265625,13.004213333129883,16.90498924255371,3.900775909423828,8.993099212646484,0.6000000000000001,0.30000000000000004,0.7
p003,Qwen/Qwen2.5-7B-Instruct::normal_02,16,16.28546714782715,14.981783866882324,17.531700134277344,2.5499162673950195,9.313671112060547,0.6,0.15,0.85
p003,Qwen/Qwen2.5-7B-Instruct::normal_03,16,15.105171203613281,11.720526695251465,16.7746639251709,5.054137229919434,9.719502449035645,0.6,0.25,0.75
p003,Qwen/Qwen2.5-7B-Instruct::normal_04,16,16.602306365966797,15.020454406738281,17.635812759399414,2.615358352661133,9.313671112060547,0.6,0.25,0.75
p004,Qwen/Qwen2.5-7B-Instruct::normal_01,16,17.411991119384766,12.616222381591797,22.84977149963379,10.233549118041992,10.92745590209961,0.85,0.4,0.6
p004,Qwen/Qwen2.5-7B-Instruct::normal_02,16,17.892026901245117,11.910165786743164,22.2554988861084,10.345333099365234,10.594588279724121,0.6,0.25,0.75
p004,Qwen/Qwen2.5-7B-Instruct::normal_03,16,17.58760643005371,14.794270515441895,20.88447380065918,6.090203285217285,10.652578353881836,0.6,0.25,0.75
p005,Qwen/Qwen2.5-7B-Instruct::normal_02,16,14.450910568237305,13.397841453552246,16.9615535736084,3.5637121200561523,9.03810977935791,0.6,0.25,0.75
p005,Qwen/Qwen2.5-7B-Instruct::normal_03,16,13.892735481262207,12.405138969421387,17.036283493041992,4.6311445236206055,9.305041313171387,0.5,0.05,0.95
p005,Qwen/Qwen2.5-7B-Instruct::normal_04,16,14.80277156829834,9.339516639709473,19.645856857299805,10.306340217590332,8.800349235534668,0.4,0.0,1.0
p006,Qwen/Qwen2.5-7B-Instruct::normal_01,16,20.591550827026367,13.516485214233398,35.08922576904297,21.57274055480957,16.160898208618164,0.6,0.3,0.7
p006,Qwen/Qwen2.5-7B-Instruct::normal_02,16,21.198680877685547,15.738720893859863,35.194454193115234,19.455734252929688,15.230268478393555,0.7,0.4,0.6
p006,Qwen/Qwen2.5-7B-Instruct::normal_03,16,21.236318588256836,15.028727531433105,35.14710235595703,20.11837387084961,15.074772834777832,0.6,0.15,0.85
p006,Qwen/Qwen2.5-7B-Instruct::normal_04,16,19.350082397460938,12.184335708618164,34.52296829223633,22.338632583618164,15.230268478393555,0.7,0.4,0.6
p007,Qwen/Qwen2.5-7B-Instruct::normal_01,16,14.815620422363281,10.191949844360352,22.72294807434082,12.530998229980469,11.420595169067383,0.65,0.25,0.75
p007,Qwen/Qwen2.5-7B-Instruct::normal_02,16,15.25827407836914,12.540191650390625,23.109922409057617,10.569730758666992,11.023548126220703,0.7,0.4,0.6000000000000001
p007,Qwen/Qwen2.5-7B-Instruct::normal_03,16,13.773821830749512,10.533041954040527,21.445425033569336,10.912383079528809,10.449195861816406,0.7,0.4,0.6
p007,Qwen/Qwen2.5-7B-Instruct::normal_04,16,13.0925874710083,8.777417182922363,22.03837013244629,13.260952949523926,10.382488250732422,0.6,0.25,0.75
p008,Qwen/Qwen2.5-7B-Instruct::normal_01,16,14.015042304992676,12.812361717224121,16.011337280273438,3.1989755630493164,8.815004348754883,0.4,0.0,1.0
p008,Qwen/Qwen2.5-7B-Instruct::normal_02,16,14.167440414428711,11.866751670837402,17.77197265625,5.905220985412598,8.636923789978027,0.09999999999999998,0.0,1.0
p008,Qwen/Qwen2.5-7B-Instruct::normal_03,16,14.27523422241211,12.083749771118164,19.057249069213867,6.973499298095703,8.431099891662598,0.6,0.3,0.7
p008,Qwen/Qwen2.5-7B-Instruct::normal_04,16,13.571781158447266,9.486252784729004,19.728445053100586,10.242192268371582,8.431099891662598,0.7,0.4,0.6
p009,Qwen/Qwen2.5-7B-Instruct::normal_01,16,25.184785842895508,19.34957504272461,30.681182861328125,11.331607818603516,11.488945960998535,0.6,0.3,0.7
p009,Qwen/Qwen2.5-7B-Instruct::normal_02,16,26.497989654541016,19.7620849609375,32.7880859375,13.0260009765625,11.828327178955078,0.6,0.3,0.7
p009,Qwen/Qwen2.5-7B-Instruct::normal_03,16,26.828784942626953,20.052310943603516,32.32793045043945,12.275619506835938,11.331441879272461,0.6,0.25,0.75
p009,Qwen/Qwen2.5-7B-Instruct::normal_04,16,26.88395881652832,20.058502197265625,31.752304077148438,11.693801879882812,12.071690559387207,0.55,0.25,0.75
p010,Qwen/Qwen2.5-7B-Instruct::normal_01,16,18.007902145385742,14.847650527954102,21.80097198486328,6.95332145690918,10.549283027648926,0.5,0.05,0.95
p010,Qwen/Qwen2.5-7B-Instruct::normal_02,16,19.371030807495117,13.526250839233398,24.133708953857422,10.607458114624023,10.653741836547852,0.6,0.15,0.8500000000000001
p010,Qwen/Qwen2.5-7B-Instruct::normal_03,16,19.38544464111328,13.314839363098145,24.430803298950195,11.11596393585205,10.653741836547852,0.6,0.15,0.8500000000000001
p010,Qwen/Qwen2.5-7B-Instruct::normal_04,16,18.5368709564209,13.774471282958984,21.033220291137695,7.258749008178711,10.141661643981934,0.85,0.25,0.75
p011,Qwen/Qwen2.5-7B-Instruct::normal_01,16,16.94713020324707,13.977917671203613,22.647829055786133,8.66991138458252,10.656394958496094,0.8500000000000001,0.55,0.45
p011,Qwen/Qwen2.5-7B-Instruct::normal_02,16,16.048622131347656,11.200335502624512,19.577903747558594,8.377568244934082,10.425668716430664,0.6,0.3,0.7
p011,Qwen/Qwen2.5-7B-Instruct::normal_03,16,17.774492263793945,13.627972602844238,21.227624893188477,7.599652290344238,10.095726013183594,0.55,0.15,0.8500000000000001
p011,Qwen/Qwen2.5-7B-Instruct::normal_04,16,16.442155838012695,10.816327095031738,20.645404815673828,9.82907772064209,10.203472137451172,1.0,0.55,0.45
p012,Qwen/Qwen2.5-7B-Instruct::normal_01,16,16.966999053955078,14.333759307861328,20.704124450683594,6.370365142822266,10.914155960083008,0.6,0.25,0.75
p012,Qwen/Qwen2.5-7B-Instruct::normal_02,16,17.068851470947266,13.78152847290039,21.223909378051758,7.442380905151367,10.415334701538086,0.5,0.0,1.0
p012,Qwen/Qwen2.5-7B-Instruct::normal_03,16,17.42044448852539,12.58852767944336,23.188980102539062,10.600452423095703,10.423888206481934,0.7,0.6,0.4
p012,Qwen/Qwen2.5-7B-Instruct::normal_04,16,16.840438842773438,12.591348648071289,20.466243743896484,7.874895095825195,10.45135498046875,0.7,0.25,0.75
p013,Qwen/Qwen2.5-7B-Instruct::normal_01,16,19.64410400390625,16.175161361694336,24.449527740478516,8.27436637878418,12.726306915283203,0.8500000000000001,0.55,0.45
p013,Qwen/Qwen2.5-7B-Instruct::normal_02,16,19.42543601989746,16.138755798339844,21.821435928344727,5.682680130004883,11.742097854614258,0.7,0.4,0.6
p013,Qwen/Qwen2.5-7B-Instruct::normal_03,16,19.869047164916992,16.52468490600586,23.315671920776367,6.790987014770508,12.317490577697754,0.6,0.3,0.7
p013,Qwen/Qwen2.5-7B-Instruct::normal_04,16,19.88861083984375,18.5046329498291,21.449756622314453,2.9451236724853516,13.223445892333984,0.6000000000000001,0.2,0.8
p014,Qwen/Qwen2.5-7B-Instruct::normal_01,16,19.01799964904785,13.40601921081543,24.627662658691406,11.221643447875977,13.545578002929688,0.5,0.05,0.95
p014,Qwen/Qwen2.5-7B-Instruct::normal_02,16,20.079683303833008,16.401737213134766,25.955198287963867,9.553461074829102,13.345077514648438,0.75,0.55,0.45
p014,Qwen/Qwen2.5-7B-Instruct::normal_03,16,18.871849060058594,14.906500816345215,24.381572723388672,9.475071907043457,12.607872009277344,0.35,0.0,0.9999999999999999
p014,Qwen/Qwen2.5-7B-Instruct::normal_04,16,19.77953338623047,15.909371376037598,25.278728485107422,9.369357109069824,12.607872009277344,0.6,0.3,0.7
p015,Qwen/Qwen2.5-7B-Instruct::normal_01,16,15.872601509094238,11.110404014587402,23.815614700317383,12.70521068572998,10.529195785522461,0.6,0.25,0.75
p015,Qwen/Qwen2.5-7B-Instruct::normal_02,16,16.784549713134766,13.282772064208984,23.852697372436523,10.569925308227539,11.153300285339355,0.4,0.0,1.0
p015,Qwen/Qwen2.5-7B-Instruct::normal_03,16,16.478727340698242,14.047408103942871,22.233301162719727,8.185893058776855,10.936928749084473,0.6,0.25,0.75
p015,Qwen/Qwen2.5-7B-Instruct::normal_04,16,16.28358268737793,13.0870361328125,22.98434829711914,9.89731216430664,11.040937423706055,0.55,0.3,0.7
p016,Qwen/Qwen2.5-7B-Instruct::normal_02,16,18.482376098632812,15.400727272033691,24.031221389770508,8.630494117736816,12.028761863708496,0.7,0.4,0.6
p016,Qwen/Qwen2.5-7B-Instruct::normal_03,16,18.744586944580078,15.108323097229004,22.169748306274414,7.06142520904541,11.26693344116211,0.6000000000000001,0.30000000000000004,0.7
p017,Qwen/Qwen2.5-7B-Instruct::normal_01,16,12.88854694366455,10.233766555786133,17.072092056274414,6.838325500488281,8.407258987426758,0.65,0.3,0.7
p017,Qwen/Qwen2.5-7B-Instruct::normal_02,16,13.212220191955566,10.056233406066895,15.881336212158203,5.825102806091309,7.778077125549316,0.75,0.25,0.75
p017,Qwen/Qwen2.5-7B-Instruct::normal_03,16,14.611366271972656,12.499815940856934,16.51384162902832,4.014025688171387,8.167287826538086,1.0,0.25,0.75
p017,Qwen/Qwen2.5-7B-Instruct::normal_04,16,12.775533676147461,10.584792137145996,17.71969223022461,7.134900093078613,8.589794158935547,0.6000000000000001,0.30000000000000004,0.7
p018,Qwen/Qwen2.5-7B-Instruct::normal_01,16,14.305505752563477,13.05362606048584,17.89850425720215,4.844878196716309,9.326013565063477,0.25,0.0,1.0
p018,Qwen/Qwen2.5-7B-Instruct::normal_02,16,15.564508438110352,13.26325511932373,17.648746490478516,4.385491371154785,9.527918815612793,0.6,0.15,0.85
p018,Qwen/Qwen2.5-7B-Instruct::normal_03,16,14.97860336303711,11.754317283630371,22.20086669921875,10.446549415588379,9.536397933959961,1.0,0.0,1.0
p018,Qwen/Qwen2.5-7B-Instruct::normal_04,16,15.007704734802246,13.349635124206543,18.786653518676758,5.437018394470215,9.236215591430664,0.7,0.4,0.6
p019,Qwen/Qwen2.5-7B-Instruct::normal_01,16,14.039755821228027,12.359843254089355,17.488849639892578,5.129006385803223,9.339693069458008,0.35,0.0,1.0
p019,Qwen/Qwen2.5-7B-Instruct::normal_02,16,14.984684944152832,13.008766174316406,16.75708770751953,3.748321533203125,9.469813346862793,0.65,0.25,0.75
p019,Qwen/Qwen2.5-7B-Instruct::normal_03,16,15.027469635009766,11.843143463134766,20.072351455688477,8.229207992553711,9.35356616973877,0.65,0.2,0.7999999999999999
p019,Qwen/Qwen2.5-7B-Instruct::normal_04,16,15.345130920410156,10.896965980529785,19.739013671875,8.842047691345215,9.07249641418457,0.75,0.25,0.75
p020,Qwen/Qwen2.5-7B-Instruct::normal_01,16,15.8934326171875,10.647879600524902,23.34459114074707,12.696711540222168,10.73480224609375,0.6000000000000001,0.35,0.65
p020,Qwen/Qwen2.5-7B-Instruct::normal_02,16,16.62128448486328,11.195208549499512,24.438478469848633,13.243269920349121,10.60737419128418,0.7,0.5,0.5
p020,Qwen/Qwen2.5-7B-Instruct::normal_03,16,16.835729598999023,10.90353012084961,25.44580841064453,14.542278289794922,11.228005409240723,0.6,0.25,0.75
p020,Qwen/Qwen2.5-7B-Instruct::normal_04,16,16.05937957763672,12.555601119995117,23.095157623291016,10.539556503295898,11.1788330078125,0.6,0.25,0.75
p021,Qwen/Qwen2.5-7B-Instruct::normal_01,16,15.356115341186523,14.499222755432129,16.134071350097656,1.6348485946655273,8.811086654663086,0.6,0.3,0.7
p021,Qwen/Qwen2.5-7B-Instruct::normal_02,16,14.50387191772461,12.437193870544434,15.731127738952637,3.293933868408203,8.189172744750977,0.65,0.30000000000000004,0.7
p021,Qwen/Qwen2.5-7B-Instruct::normal_03,16,14.691878318786621,12.075078964233398,15.95711898803711,3.882040023803711,8.244802474975586,0.6000000000000001,0.30000000000000004,0.7
p021,Qwen/Qwen2.5-7B-Instruct::normal_04,16,14.919071197509766,13.951173782348633,16.446548461914062,2.4953746795654297,9.264578819274902,0.65,0.30000000000000004,0.7
p022,Qwen/Qwen2.5-7B-Instruct::normal_01,16,15.688579559326172,11.967937469482422,20.082307815551758,8.114370346069336,9.084806442260742,0.6,0.15,0.85
p022,Qwen/Qwen2.5-7B-Instruct::normal_02,16,13.735238075256348,11.305594444274902,17.08594512939453,5.780350685119629,8.022005081176758,0.35,0.0,1.0
p022,Qwen/Qwen2.5-7B-Instruct::normal_03,16,15.266823768615723,12.953836441040039,19.317947387695312,6.364110946655273,8.73755168914795,0.35,0.0,0.9999999999999999
p022,Qwen/Qwen2.5-7B-Instruct::normal_04,16,14.654358863830566,10.991957664489746,18.770910263061523,7.778952598571777,8.943525314331055,0.65,0.2,0.7999999999999999
p023,Qwen/Qwen2.5-7B-Instruct::normal_01,16,14.216350555419922,12.60286808013916,15.957056045532227,3.3541879653930664,8.500383377075195,0.75,0.5,0.5
p023,Qwen/Qwen2.5-7B-Instruct::normal_02,16,14.46177864074707,11.833952903747559,16.8260498046875,4.992096900939941,8.337251663208008,0.55,0.1,0.8999999999999999
p023,Qwen/Qwen2.5-7B-Instruct::normal_03,16,13.286064147949219,9.93049144744873,14.983749389648438,5.053257942199707,8.099626541137695,0.7,0.4,0.6
p023,Qwen/Qwen2.5-7B-Instruct::normal_04,16,13.902650833129883,11.324918746948242,15.887351036071777,4.562432289123535,8.337251663208008,0.6,0.3,0.7
p024,Qwen/Qwen2.5-7B-Instruct::normal_01,16,17.16895294189453,13.293951034545898,23.530118942260742,10.236167907714844,10.906535148620605,0.5,0.05,0.95
p024,Qwen/Qwen2.5-7B-Instruct::normal_02,16,16.796634674072266,13.502762794494629,22.352718353271484,8.849955558776855,11.598287582397461,0.19999999999999998,0.0,1.0
p024,Qwen/Qwen2.5-7B-Instruct::normal_03,16,17.421775817871094,13.727198600769043,24.618011474609375,10.890812873840332,11.2869234085083,0.6000000000000001,0.30000000000000004,0.7
p024,Qwen/Qwen2.5-7B-Instruct::normal_04,16,17.175731658935547,13.036441802978516,23.59113883972168,10.554697036743164,10.696867942810059,0.5,0.05,0.95
p025,Qwen/Qwen2.5-7B-Instruct::normal_01,16,19.72970962524414,18.045684814453125,21.34557342529297,3.2998886108398438,10.936442375183105,0.6,0.25,0.75
p025,Qwen/Qwen2.5-7B-Instruct::normal_02,16,18.286102294921875,16.426071166992188,19.79235076904297,3.3662796020507812,10.69666576385498,0.6,0.25,0.75
p025,Qwen/Qwen2.5-7B-Instruct::normal_03,16,18.320579528808594,16.23537826538086,20.673585891723633,4.438207626342773,10.96528434753418,0.6,0.25,0.75
p025,Qwen/Qwen2.5-7B-Instruct::normal_04,16,19.373329162597656,16.329912185668945,22.69019317626953,6.360280990600586,10.962640762329102,0.5,0.05,0.95
p026,Qwen/Qwen2.5-7B-Instruct::normal_01,16,19.20069122314453,17.671873092651367,22.48973274230957,4.817859649658203,9.708409309387207,0.55,0.3,0.7
p026,Qwen/Qwen2.5-7B-Instruct::normal_02,16,20.486671447753906,18.780960083007812,21.523122787475586,2.7421627044677734,9.752095222473145,0.55,0.3,0.7
p026,Qwen/Qwen2.5-7B-Instruct::normal_03,16,19.605098724365234,16.347187042236328,22.634307861328125,6.287120819091797,9.891682624816895,0.55,0.3,0.7
p026,Qwen/Qwen2.5-7B-Instruct::normal_04,16,19.764976501464844,16.489158630371094,22.750492095947266,6.261333465576172,9.847942352294922,0.55,0.1,0.9
p027,Qwen/Qwen2.5-7B-Instruct::normal_01,16,18.30175018310547,13.760869026184082,21.050487518310547,7.289618492126465,10.280243873596191,0.75,0.25,0.75
p027,Qwen/Qwen2.5-7B-Instruct::normal_02,16,18.516544342041016,15.941633224487305,20.701383590698242,4.7597503662109375,10.245677947998047,0.55,0.15000000000000002,0.8500000000000001
p027,Qwen/Qwen2.5-7B-Instruct::normal_03,16,16.554872512817383,15.237180709838867,17.914079666137695,2.676898956298828,10.762977600097656,0.55,0.3,0.7
p027,Qwen/Qwen2.5-7B-Instruct::normal_04,16,15.018465042114258,13.75202465057373,17.688379287719727,3.936354637145996,9.606328964233398,0.6000000000000001,0.4,0.6000000000000001
p028,Qwen/Qwen2.5-7B-Instruct::normal_01,16,14.958770751953125,11.978716850280762,18.290084838867188,6.311367988586426,9.121663093566895,0.35,0.0,1.0
p028,Qwen/Qwen2.5-7B-Instruct::normal_02,16,15.262300491333008,11.970198631286621,19.91351890563965,7.943320274353027,9.189282417297363,0.5,0.05,0.95
p028,Qwen/Qwen2.5-7B-Instruct::normal_03,16,14.256245613098145,10.698616981506348,19.26677131652832,8.568154335021973,8.524879455566406,0.7,0.4,0.6
p028,Qwen/Qwen2.5-7B-Instruct::normal_04,16,14.573444366455078,11.279841423034668,19.4122314453125,8.132390022277832,9.077225685119629,0.5,0.05,0.95
p029,Qwen/Qwen2.5-7B-Instruct::normal_01,16,17.597482681274414,11.977130889892578,25.46546745300293,13.488336563110352,11.928689956665039,0.35,0.0,1.0
p029,Qwen/Qwen2.5-7B-Instruct::normal_02,16,16.5770263671875,12.16878890991211,23.812463760375977,11.643674850463867,11.097990036010742,0.7,0.4,0.6
p029,Qwen/Qwen2.5-7B-Instruct::normal_03,16,17.288301467895508,12.418001174926758,26.75497817993164,14.336977005004883,11.69316291809082,0.5,0.2,0.8
p029,Qwen/Qwen2.5-7B-Instruct::normal_04,16,16.24663734436035,12.296881675720215,24.765159606933594,12.468277931213379,11.172621726989746,0.55,0.25,0.75
p030,Qwen/Qwen2.5-7B-Instruct::normal_01,16,18.237503051757812,14.75810718536377,23.572765350341797,8.814658164978027,10.19872760772705,0.5,0.1,0.8999999999999999
p030,Qwen/Qwen2.5-7B-Instruct::normal_02,16,16.395084381103516,14.075289726257324,18.728330612182617,4.653040885925293,10.287237167358398,0.6,0.25,0.75
p030,Qwen/Qwen2.5-7B-Instruct::normal_03,16,17.95660400390625,14.322728157043457,23.4412841796875,9.118556022644043,9.961355209350586,0.09999999999999998,0.0,1.0
p030,Qwen/Qwen2.5-7B-Instruct::normal_04,16,17.25103759765625,13.966069221496582,21.94626235961914,7.980193138122559,10.407078742980957,0.7,0.4,0.6
p031,Qwen/Qwen2.5-7B-Instruct::normal_01,16,17.565004348754883,12.674779891967773,20.307819366455078,7.633039474487305,9.489025115966797,0.7999999999999999,0.30000000000000004,0.7
p031,Qwen/Qwen2.5-7B-Instruct::normal_02,16,18.275527954101562,13.429326057434082,20.370580673217773,6.941254615783691,9.728353500366211,0.7,0.4,0.6
p031,Qwen/Qwen2.5-7B-Instruct::normal_03,16,17.212512969970703,12.428387641906738,19.68516731262207,7.256779670715332,9.206731796264648,0.19999999999999998,0.0,1.0
p031,Qwen/Qwen2.5-7B-Instruct::normal_04,16,18.134353637695312,14.58077335357666,19.668506622314453,5.087733268737793,9.38945484161377,0.6,0.25,0.75
p032,Qwen/Qwen2.5-7B-Instruct::normal_01,16,15.72409439086914,11.398181915283203,19.5953426361084,8.197160720825195,9.09842300415039,0.7,0.4,0.6000000000000001
p032,Qwen/Qwen2.5-7B-Instruct::normal_02,16,15.18826675415039,13.646004676818848,18.083091735839844,4.437087059020996,9.154553413391113,0.85,0.4,0.6
p032,Qwen/Qwen2.5-7B-Instruct::normal_03,16,15.205799102783203,9.527281761169434,20.782344818115234,11.2550630569458,8.444893836975098,0.55,0.2,0.8
p032,Qwen/Qwen2.5-7B-Instruct::normal_04,16,15.191048622131348,11.306164741516113,19.807859420776367,8.501694679260254,8.623489379882812,0.6,0.25,0.75
p033,Qwen/Qwen2.5-7B-Instruct::normal_01,16,20.96687126159668,17.15744972229004,25.162059783935547,8.004610061645508,12.475983619689941,0.7,0.4,0.6
p033,Qwen/Qwen2.5-7B-Instruct::normal_02,16,21.799198150634766,18.77056312561035,24.92311668395996,6.152553558349609,12.990558624267578,0.6,0.3,0.7
p033,Qwen/Qwen2.5-7B-Instruct::normal_03,16,22.989648818969727,19.779199600219727,26.0502872467041,6.271087646484375,12.74934196472168,0.7,0.4,0.6
p033,Qwen/Qwen2.5-7B-Instruct::normal_04,16,20.953227996826172,15.56253719329834,23.47675132751465,7.914214134216309,12.332845687866211,0.7,0.55,0.45
p034,Qwen/Qwen2.5-7B-Instruct::normal_01,16,19.227340698242188,16.338199615478516,23.718263626098633,7.380064010620117,12.283872604370117,0.30000000000000004,0.0,1.0
p034,Qwen/Qwen2.5-7B-Instruct::normal_02,16,18.644271850585938,13.391682624816895,24.499338150024414,11.10765552520752,11.144734382629395,0.6000000000000001,0.30000000000000004,0.7
p034,Qwen/Qwen2.5-7B-Instruct::normal_03,16,18.763957977294922,14.785926818847656,26.58002471923828,11.794097900390625,12.496482849121094,0.35,0.0,0.9999999999999999
p034,Qwen/Qwen2.5-7B-Instruct::normal_04,16,19.07029151916504,13.514806747436523,26.448678970336914,12.93387222290039,11.879022598266602,0.6,0.15,0.8500000000000001
p035,Qwen/Qwen2.5-7B-Instruct::normal_01,16,12.917503356933594,10.142766952514648,15.038782119750977,4.896015167236328,8.902375221252441,0.6,0.15,0.8500000000000001
p035,Qwen/Qwen2.5-7B-Instruct::normal_02,16,12.750141143798828,10.873550415039062,14.669770240783691,3.796219825744629,9.084733009338379,0.6,0.15,0.8500000000000001
p035,Qwen/Qwen2.5-7B-Instruct::normal_03,16,12.428181648254395,7.452184200286865,16.76985740661621,9.317672729492188,8.67032527923584,0.6,0.25,0.75
p035,Qwen/Qwen2.5-7B-Instruct::normal_04,16,11.971397399902344,7.944334030151367,17.033428192138672,9.089094161987305,8.56075382232666,0.55,0.3,0.7
p036,Qwen/Qwen2.5-7B-Instruct::normal_01,16,16.81350326538086,13.233266830444336,21.991172790527344,8.757905960083008,10.625407218933105,0.65,0.35,0.65
p036,Qwen/Qwen2.5-7B-Instruct::normal_02,16,15.482694625854492,12.568695068359375,19.063949584960938,6.4952545166015625,9.821374893188477,0.5,0.05,0.95
p036,Qwen/Qwen2.5-7B-Instruct::normal_03,16,17.037553787231445,14.173376083374023,20.681581497192383,6.508205413818359,10.212031364440918,0.65,0.35,0.65
p036,Qwen/Qwen2.5-7B-Instruct::normal_04,16,16.989730834960938,13.796659469604492,21.56674575805664,7.770086288452148,10.552621841430664,0.5,0.05,0.95
p037,Qwen/Qwen2.5-7B-Instruct::normal_01,16,22.633686065673828,17.33918571472168,26.0053768157959,8.666191101074219,13.455021858215332,0.6000000000000001,0.30000000000000004,0.7
p037,Qwen/Qwen2.5-7B-Instruct::normal_02,16,22.14185333251953,18.04058837890625,25.19474220275879,7.154153823852539,13.748066902160645,0.4,0.0,1.0
p037,Qwen/Qwen2.5-7B-Instruct::normal_03,16,21.746973037719727,18.12968635559082,24.333858489990234,6.204172134399414,13.818260192871094,0.6000000000000001,0.25,0.75
p038,Qwen/Qwen2.5-7B-Instruct::normal_01,16,18.436059951782227,16.018104553222656,21.83213233947754,5.814027786254883,9.736907005310059,0.55,0.15,0.8500000000000001
p038,Qwen/Qwen2.5-7B-Instruct::normal_02,16,18.47156524658203,16.556739807128906,21.272687911987305,4.715948104858398,9.66799259185791,0.5,0.05,0.95
p038,Qwen/Qwen2.5-7B-Instruct::normal_03,16,17.4294376373291,14.209721565246582,20.45631217956543,6.246590614318848,11.14558219909668,0.6000000000000001,0.30000000000000004,0.7
p038,Qwen/Qwen2.5-7B-Instruct::normal_04,16,19.381427764892578,13.960125923156738,22.651798248291016,8.691672325134277,11.198952674865723,0.6,0.15,0.85
p039,Qwen/Qwen2.5-7B-Instruct::normal_01,16,19.683443069458008,15.84380054473877,22.0848331451416,6.241032600402832,10.637709617614746,0.6,0.25,0.75
p039,Qwen/Qwen2.5-7B-Instruct::normal_02,16,19.0227108001709,16.346248626708984,22.236825942993164,5.89057731628418,10.808019638061523,0.75,0.3,0.7
p039,Qwen/Qwen2.5-7B-Instruct::normal_03,16,19.42578125,15.208708763122559,23.102664947509766,7.893956184387207,10.640362739562988,0.6,0.25,0.75
p039,Qwen/Qwen2.5-7B-Instruct::normal_04,16,19.50664520263672,15.128520011901855,21.980398178100586,6.8518781661987305,10.601920127868652,0.7,0.55,0.45
p040,Qwen/Qwen2.5-7B-Instruct::normal_01,16,14.992626190185547,12.141806602478027,18.880380630493164,6.738574028015137,10.276287078857422,0.5,0.05,0.95
p040,Qwen/Qwen2.5-7B-Instruct::normal_02,16,14.234123229980469,11.443815231323242,16.732091903686523,5.288276672363281,9.62991714477539,0.5,0.05,0.95
p040,Qwen/Qwen2.5-7B-Instruct::normal_03,16,15.395746231079102,11.162737846374512,17.653696060180664,6.490958213806152,10.746675491333008,0.6,0.15,0.85
p040,Qwen/Qwen2.5-7B-Instruct::normal_04,16,22.26355743408203,14.555584907531738,25.892677307128906,11.337092399597168,10.697031021118164,0.7,0.4,0.6
p041,Qwen/Qwen2.5-7B-Instruct::normal_01,16,17.049041748046875,11.394699096679688,21.81951904296875,10.424819946289062,11.468423843383789,0.65,0.25,0.75
p041,Qwen/Qwen2.5-7B-Instruct::normal_02,16,16.182174682617188,13.872490882873535,18.053966522216797,4.181475639343262,11.024837493896484,0.6,0.15,0.8500000000000001
p041,Qwen/Qwen2.5-7B-Instruct::normal_03,16,16.716989517211914,14.158612251281738,18.558340072631836,4.399727821350098,12.11655044555664,0.75,0.25,0.75
p041,Qwen/Qwen2.5-7B-Instruct::normal_04,16,17.332508087158203,15.018975257873535,21.20156478881836,6.182589530944824,11.15620231628418,0.14999999999999997,0.0,1.0
p042,Qwen/Qwen2.5-7B-Instruct::normal_01,16,18.9354190826416,15.802413940429688,21.762996673583984,5.960582733154297,11.269927024841309,0.5,0.05,0.95
p042,Qwen/Qwen2.5-7B-Instruct::normal_02,16,18.329702377319336,12.990362167358398,24.165828704833984,11.175466537475586,11.307592391967773,0.6,0.15,0.85
p042,Qwen/Qwen2.5-7B-Instruct::normal_03,16,17.038677215576172,13.653936386108398,20.72221565246582,7.068279266357422,11.269927024841309,0.5,0.05,0.95
p042,Qwen/Qwen2.5-7B-Instruct::normal_04,16,18.247379302978516,16.44838523864746,21.393878936767578,4.945493698120117,11.527106285095215,0.35,0.0,1.0
p043,Qwen/Qwen2.5-7B-Instruct::normal_01,16,16.55651092529297,9.947554588317871,25.30432891845703,15.35677433013916,11.293510437011719,0.75,0.55,0.45
p043,Qwen/Qwen2.5-7B-Instruct::normal_02,16,16.0003662109375,13.623580932617188,21.619735717773438,7.99615478515625,11.276677131652832,0.7,0.4,0.6
p043,Qwen/Qwen2.5-7B-Instruct::normal_03,16,16.24467658996582,10.58028793334961,22.38980484008789,11.809516906738281,11.281269073486328,0.09999999999999998,0.0,1.0
p043,Qwen/Qwen2.5-7B-Instruct::normal_04,16,15.419046401977539,10.988801002502441,20.44118309020996,9.45238208770752,11.248331069946289,0.6,0.3,0.7
p044,Qwen/Qwen2.5-7B-Instruct::normal_01,16,17.90787124633789,14.341774940490723,23.172704696655273,8.83092975616455,11.067378044128418,0.6,0.25,0.75
p044,Qwen/Qwen2.5-7B-Instruct::normal_02,16,16.926910400390625,12.900440216064453,22.11582374572754,9.215383529663086,9.91365909576416,0.55,0.3,0.7
p044,Qwen/Qwen2.5-7B-Instruct::normal_03,16,18.07558822631836,15.246353149414062,24.623666763305664,9.377313613891602,10.240093231201172,0.6,0.3,0.7
p044,Qwen/Qwen2.5-7B-Instruct::normal_04,16,17.801410675048828,15.349312782287598,22.736597061157227,7.387284278869629,9.795547485351562,0.6,0.3,0.7
p045,Qwen/Qwen2.5-7B-Instruct::normal_01,16,16.151142120361328,11.980080604553223,24.239532470703125,12.259451866149902,11.039579391479492,0.35,0.0,1.0
p045,Qwen/Qwen2.5-7B-Instruct::normal_02,16,16.947261810302734,12.308164596557617,26.539905548095703,14.231740951538086,11.229997634887695,0.6,0.25,0.75
p045,Qwen/Qwen2.5-7B-Instruct::normal_03,16,15.923815727233887,11.57404899597168,24.175270080566406,12.601221084594727,10.905698776245117,0.7,0.4,0.6
p045,Qwen/Qwen2.5-7B-Instruct::normal_04,16,17.75141716003418,13.137680053710938,27.798507690429688,14.66082763671875,11.649784088134766,0.55,0.4,0.6
p046,Qwen/Qwen2.5-7B-Instruct::normal_01,16,18.980655670166016,15.188644409179688,22.666522979736328,7.477878570556641,9.882771492004395,0.5,0.05,0.95
p046,Qwen/Qwen2.5-7B-Instruct::normal_02,16,18.186988830566406,13.036115646362305,23.647783279418945,10.61166763305664,9.598065376281738,0.7,0.55,0.45
p046,Qwen/Qwen2.5-7B-Instruct::normal_03,16,19.517366409301758,14.659181594848633,22.650331497192383,7.99114990234375,10.27229118347168,0.35,0.0,1.0
p046,Qwen/Qwen2.5-7B-Instruct::normal_04,16,18.642810821533203,15.026985168457031,21.403202056884766,6.376216888427734,9.883353233337402,0.6,0.3,0.7
p047,Qwen/Qwen2.5-7B-Instruct::normal_01,16,18.862295150756836,15.455069541931152,24.25284767150879,8.797778129577637,12.071555137634277,0.55,0.1,0.9
p047,Qwen/Qwen2.5-7B-Instruct::normal_02,16,19.719932556152344,12.912470817565918,26.03236198425293,13.119891166687012,12.133279800415039,1.0,0.5,0.5
p047,Qwen/Qwen2.5-7B-Instruct::normal_03,16,18.754606246948242,13.835783958435059,24.207033157348633,10.371249198913574,12.908211708068848,0.75,0.3,0.7
p047,Qwen/Qwen2.5-7B-Instruct::normal_04,16,19.582965850830078,12.589859008789062,26.000102996826172,13.41024398803711,12.908211708068848,0.55,0.15,0.8500000000000001
p048,Qwen/Qwen2.5-7B-Instruct::normal_01,16,19.756675720214844,15.640423774719238,22.587888717651367,6.947464942932129,11.001596450805664,0.55,0.1,0.8999999999999999
p048,Qwen/Qwen2.5-7B-Instruct::normal_03,16,21.08534049987793,18.26902198791504,23.521081924438477,5.2520599365234375,10.681361198425293,0.7,0.4,0.6
p048,Qwen/Qwen2.5-7B-Instruct::normal_04,16,21.34487533569336,15.230836868286133,24.900558471679688,9.669721603393555,11.150506973266602,0.6,0.25,0.75
p049,Qwen/Qwen2.5-7B-Instruct::normal_01,16,18.94545555114746,17.161396026611328,20.890501022338867,3.729104995727539,11.270893096923828,0.7,0.4,0.6
p049,Qwen/Qwen2.5-7B-Instruct::normal_02,16,18.40993309020996,14.25570011138916,22.62735366821289,8.37165355682373,12.380204200744629,0.5,0.05,0.95
p049,Qwen/Qwen2.5-7B-Instruct::normal_03,16,20.2721004486084,16.07408332824707,22.7924861907959,6.718402862548828,11.366570472717285,0.55,0.1,0.8999999999999999
p049,Qwen/Qwen2.5-7B-Instruct::normal_04,16,18.335166931152344,15.86888599395752,20.22992706298828,4.361041069030762,11.060385704040527,0.7,0.25,0.75
p050,Qwen/Qwen2.5-7B-Instruct::normal_02,16,19.589689254760742,16.179468154907227,23.73661231994629,7.5571441650390625,10.764703750610352,0.65,0.2,0.7999999999999999
p050,Qwen/Qwen2.5-7B-Instruct::normal_03,16,20.294998168945312,16.606212615966797,21.603944778442383,4.997732162475586,10.185617446899414,0.6,0.25,0.75
p050,Qwen/Qwen2.5-7B-Instruct::normal_04,16,21.55419921875,16.94029426574707,26.274757385253906,9.334463119506836,11.163784980773926,0.6000000000000001,0.30000000000000004,0.7
p051,Qwen/Qwen2.5-7B-Instruct::normal_01,16,20.51244354248047,15.59577751159668,25.50518798828125,9.90941047668457,11.209883689880371,0.55,0.3,0.7
p051,Qwen/Qwen2.5-7B-Instruct::normal_02,16,18.715682983398438,16.332292556762695,23.426958084106445,7.09466552734375,11.94375991821289,0.7,0.4,0.6
p051,Qwen/Qwen2.5-7B-Instruct::normal_03,16,18.50958251953125,13.83730697631836,23.070768356323242,9.233461380004883,11.995515823364258,0.55,0.2,0.8
p051,Qwen/Qwen2.5-7B-Instruct::normal_04,16,18.516223907470703,17.401796340942383,19.07423210144043,1.6724357604980469,10.876396179199219,0.55,0.1,0.9
p052,Qwen/Qwen2.5-7B-Instruct::normal_01,16,15.359245300292969,11.185068130493164,17.80741310119629,6.622344970703125,8.026519775390625,0.55,0.1,0.8999999999999999
p052,Qwen/Qwen2.5-7B-Instruct::normal_02,16,15.092906951904297,12.174430847167969,16.867158889770508,4.692728042602539,7.792281150817871,0.55,0.1,0.8999999999999999
p052,Qwen/Qwen2.5-7B-Instruct::normal_03,16,18.3116455078125,16.17025375366211,20.27001190185547,4.099758148193359,8.40258502960205,0.6000000000000001,0.4,0.6000000000000001
p052,Qwen/Qwen2.5-7B-Instruct::normal_04,16,16.081321716308594,12.621191024780273,19.316898345947266,6.695707321166992,8.687679290771484,0.7,0.4,0.6
p053,Qwen/Qwen2.5-7B-Instruct::normal_01,16,15.320215225219727,13.000435829162598,17.343908309936523,4.343472480773926,8.396469116210938,1.0,0.25,0.75
p053,Qwen/Qwen2.5-7B-Instruct::normal_02,16,14.575380325317383,11.542634010314941,19.489538192749023,7.946904182434082,8.817008972167969,0.65,0.30000000000000004,0.7
p053,Qwen/Qwen2.5-7B-Instruct::normal_03,16,13.7508544921875,9.282297134399414,20.40997314453125,11.127676010131836,8.932889938354492,0.7,0.4,0.6
p053,Qwen/Qwen2.5-7B-Instruct::normal_04,16,15.785971641540527,11.40634536743164,20.370763778686523,8.964418411254883,8.79818344116211,0.5,0.05,0.95
p054,Qwen/Qwen2.5-7B-Instruct::normal_01,16,13.549365997314453,9.138522148132324,17.73847770690918,8.599955558776855,8.12619686126709,0.55,0.3,0.7
p054,Qwen/Qwen2.5-7B-Instruct::normal_02,16,14.116958618164062,12.135639190673828,15.601819038391113,3.466179847717285,8.767460823059082,0.65,0.2,0.8
p054,Qwen/Qwen2.5-7B-Instruct::normal_03,16,13.785015106201172,9.247489929199219,16.573078155517578,7.325588226318359,7.994443893432617,1.0,0.5,0.5
p054,Qwen/Qwen2.5-7B-Instruct::normal_04,16,13.960678100585938,9.913660049438477,17.711091995239258,7.797431945800781,8.396807670593262,0.5,0.0,1.0
p055,Qwen/Qwen2.5-7B-Instruct::normal_01,16,18.868284225463867,13.92212200164795,27.583465576171875,13.661343574523926,12.57951831817627,0.65,0.30000000000000004,0.7
p055,Qwen/Qwen2.5-7B-Instruct::normal_02,16,18.69771385192871,12.280271530151367,26.382293701171875,14.102022171020508,12.046125411987305,0.35,0.0,0.9999999999999999
p055,Qwen/Qwen2.5-7B-Instruct::normal_03,16,19.12300682067871,14.072256088256836,27.971731185913086,13.89947509765625,12.935749053955078,0.6,0.25,0.75
p055,Qwen/Qwen2.5-7B-Instruct::normal_04,16,18.393033981323242,16.07990074157715,24.69529151916504,8.61539077758789,11.397653579711914,0.5,0.2,0.8
p056,Qwen/Qwen2.5-7B-Instruct::normal_01,16,15.169093132019043,11.351949691772461,18.615753173828125,7.263803482055664,9.347283363342285,0.65,0.3,0.7
p056,Qwen/Qwen2.5-7B-Instruct::normal_02,16,14.758965492248535,9.372977256774902,19.07663917541504,9.703661918640137,9.46390151977539,0.55,0.3,0.7
p056,Qwen/Qwen2.5-7B-Instruct::normal_03,16,14.658885955810547,11.678762435913086,18.425844192504883,6.747081756591797,9.219841003417969,0.55,0.3,0.7
p056,Qwen/Qwen2.5-7B-Instruct::normal_04,16,15.846996307373047,13.68877124786377,18.90788459777832,5.219113349914551,9.219841003417969,0.6000000000000001,0.30000000000000004,0.7
p057,Qwen/Qwen2.5-7B-Instruct::normal_01,16,16.796268463134766,12.221878051757812,19.437305450439453,7.215427398681641,10.389894485473633,0.35,0.0,1.0
p057,Qwen/Qwen2.5-7B-Instruct::normal_02,16,16.899669647216797,12.872915267944336,19.482166290283203,6.609251022338867,10.5540132522583,0.55,0.25,0.75
p057,Qwen/Qwen2.5-7B-Instruct::normal_04,16,15.862133026123047,12.305625915527344,18.503643035888672,6.198017120361328,9.915201187133789,0.6,0.25,0.75
p058,Qwen/Qwen2.5-7B-Instruct::normal_01,16,26.046314239501953,20.687715530395508,29.371145248413086,8.683429718017578,14.115886688232422,0.55,0.3,0.7
p058,Qwen/Qwen2.5-7B-Instruct::normal_02,16,22.792255401611328,19.243423461914062,26.891691207885742,7.64826774597168,13.840290069580078,0.6000000000000001,0.30000000000000004,0.7
p058,Qwen/Qwen2.5-7B-Instruct::normal_04,16,24.325300216674805,19.82077980041504,27.98035430908203,8.159574508666992,13.846092224121094,0.7,0.4,0.6
p059,Qwen/Qwen2.5-7B-Instruct::normal_01,16,24.056962966918945,21.749406814575195,26.71784782409668,4.968441009521484,14.2723388671875,0.55,0.3,0.7
p059,Qwen/Qwen2.5-7B-Instruct::normal_02,16,24.856731414794922,20.190628051757812,27.565509796142578,7.374881744384766,14.32221794128418,0.6,0.7,0.3
p059,Qwen/Qwen2.5-7B-Instruct::normal_03,16,24.594953536987305,21.471532821655273,29.93174934387207,8.460216522216797,13.466926574707031,0.5,0.1,0.9
p059,Qwen/Qwen2.5-7B-Instruct::normal_04,16,23.687049865722656,20.71369743347168,25.60097885131836,4.88728141784668,14.464892387390137,0.55,0.3,0.7
p060,Qwen/Qwen2.5-7B-Instruct::normal_01,16,21.918909072875977,17.896944046020508,25.568323135375977,7.671379089355469,12.598633766174316,0.6,0.3,0.7
p060,Qwen/Qwen2.5-7B-Instruct::normal_02,16,21.604717254638672,17.305065155029297,25.108749389648438,7.803684234619141,12.860315322875977,0.75,0.3,0.7
p060,Qwen/Qwen2.5-7B-Instruct::normal_03,16,21.683475494384766,18.26496124267578,24.985687255859375,6.720726013183594,12.53873062133789,0.65,0.4,0.6000000000000001
p060,Qwen/Qwen2.5-7B-Instruct::normal_04,16,21.006135940551758,16.52057456970215,24.217817306518555,7.697242736816406,13.06484317779541,0.65,0.25,0.75
p061,Qwen/Qwen2.5-7B-Instruct::normal_01,16,27.57239532470703,23.39841079711914,29.930686950683594,6.532276153564453,13.159226417541504,0.65,0.4,0.6000000000000001
p061,Qwen/Qwen2.5-7B-Instruct::normal_02,16,26.67962074279785,21.945919036865234,30.26753807067871,8.321619033813477,13.435440063476562,0.55,0.3,0.7
p061,Qwen/Qwen2.5-7B-Instruct::normal_03,16,23.980484008789062,17.861860275268555,27.443878173828125,9.58201789855957,12.848771095275879,0.6000000000000001,0.30000000000000004,0.7
p061,Qwen/Qwen2.5-7B-Instruct::normal_04,16,26.56443977355957,20.981164932250977,28.959125518798828,7.977960586547852,13.554256439208984,0.35,0.0,1.0
p062,Qwen/Qwen2.5-7B-Instruct::normal_01,16,21.55843734741211,14.96814250946045,25.375911712646484,10.407769203186035,11.460214614868164,0.35,0.0,0.9999999999999999
p062,Qwen/Qwen2.5-7B-Instruct::normal_03,16,23.067947387695312,16.502376556396484,28.010034561157227,11.507658004760742,12.018379211425781,0.5,0.05,0.9500000000000001
p062,Qwen/Qwen2.5-7B-Instruct::normal_04,16,21.018213272094727,14.426336288452148,24.109600067138672,9.683263778686523,11.867837905883789,0.6000000000000001,0.30000000000000004,0.7
p063,Qwen/Qwen2.5-7B-Instruct::normal_01,16,21.973392486572266,15.544861793518066,28.19146728515625,12.646605491638184,14.405546188354492,0.35,0.0,1.0
p063,Qwen/Qwen2.5-7B-Instruct::normal_02,16,21.596561431884766,18.50605583190918,25.17595863342285,6.669902801513672,14.355612754821777,0.7,0.4,0.6
p063,Qwen/Qwen2.5-7B-Instruct::normal_03,16,22.525714874267578,17.156843185424805,28.159198760986328,11.002355575561523,14.631309509277344,0.6,0.3,0.7
p063,Qwen/Qwen2.5-7B-Instruct::normal_04,16,22.384124755859375,18.82345199584961,27.421892166137695,8.598440170288086,14.054311752319336,0.6000000000000001,0.30000000000000004,0.7
p064,Qwen/Qwen2.5-7B-Instruct::normal_02,16,18.85416030883789,14.488265991210938,23.069381713867188,8.58111572265625,11.212892532348633,0.7,0.55,0.45
p064,Qwen/Qwen2.5-7B-Instruct::normal_03,16,18.217254638671875,15.1434907913208,21.066823959350586,5.923333168029785,11.957881927490234,0.55,0.3,0.7
p064,Qwen/Qwen2.5-7B-Instruct::normal_04,16,20.10024642944336,15.245098114013672,25.882061004638672,10.636962890625,11.701969146728516,0.55,0.3,0.7
p065,Qwen/Qwen2.5-7B-Instruct::normal_01,16,16.9978084564209,13.891759872436523,23.30784034729004,9.416080474853516,10.778558731079102,0.55,0.3,0.7
p065,Qwen/Qwen2.5-7B-Instruct::normal_03,16,17.311288833618164,12.834830284118652,25.720012664794922,12.88518238067627,11.093889236450195,0.65,0.2,0.7999999999999999
p065,Qwen/Qwen2.5-7B-Instruct::normal_04,16,17.903066635131836,12.167489051818848,23.27985954284668,11.112370491027832,10.487676620483398,0.5,0.25,0.75
p066,Qwen/Qwen2.5-7B-Instruct::normal_01,16,18.471471786499023,13.190815925598145,22.386341094970703,9.195525169372559,10.897072792053223,0.45,0.0,1.0
p066,Qwen/Qwen2.5-7B-Instruct::normal_02,16,22.14867401123047,19.322887420654297,24.039634704589844,4.716747283935547,12.082290649414062,0.45,0.0,1.0
p066,Qwen/Qwen2.5-7B-Instruct::normal_03,16,19.421823501586914,16.916748046875,23.721132278442383,6.804384231567383,10.999771118164062,0.5,0.05,0.95
p066,Qwen/Qwen2.5-7B-Instruct::normal_04,16,19.29462432861328,14.740365028381348,21.935503005981445,7.195137977600098,10.897072792053223,0.5,0.05,0.95
p067,Qwen/Qwen2.5-7B-Instruct::normal_01,16,18.16938591003418,11.098447799682617,25.88800048828125,14.789552688598633,11.183016777038574,0.6,0.15,0.85
p067,Qwen/Qwen2.5-7B-Instruct::normal_02,16,18.665687561035156,16.200551986694336,24.729907989501953,8.529356002807617,11.587974548339844,0.6,0.25,0.75
p067,Qwen/Qwen2.5-7B-Instruct::normal_03,16,18.280366897583008,16.249710083007812,22.643552780151367,6.393842697143555,11.702117919921875,0.5,0.1,0.9
p067,Qwen/Qwen2.5-7B-Instruct::normal_04,16,20.122066497802734,15.991082191467285,25.13454818725586,9.143465995788574,11.938815116882324,0.7,0.6,0.4
p068,Qwen/Qwen2.5-7B-Instruct::normal_01,16,20.578203201293945,16.512386322021484,28.757747650146484,12.245361328125,13.732745170593262,0.8500000000000001,0.55,0.45
p068,Qwen/Qwen2.5-7B-Instruct::normal_02,16,21.51803970336914,16.529809951782227,30.269468307495117,13.73965835571289,14.24390697479248,0.5,0.1,0.8999999999999999
p068,Qwen/Qwen2.5-7B-Instruct::normal_04,16,21.410491943359375,17.737131118774414,28.146005630493164,10.40887451171875,13.675773620605469,0.75,0.3,0.7
p069,Qwen/Qwen2.5-7B-Instruct::normal_01,16,16.95789337158203,12.517312049865723,24.317480087280273,11.80016803741455,11.714959144592285,0.7,0.4,0.6
p069,Qwen/Qwen2.5-7B-Instruct::normal_02,16,17.891380310058594,14.247859954833984,24.083293914794922,9.835433959960938,11.39957046508789,0.75,0.5,0.5
p069,Qwen/Qwen2.5-7B-Instruct::normal_04,16,21.708309173583984,20.768630981445312,22.626672744750977,1.858041763305664,12.120991706848145,0.6,0.25,0.75
p070,Qwen/Qwen2.5-7B-Instruct::normal_01,16,13.749601364135742,11.760819435119629,16.509952545166016,4.749133110046387,8.977978706359863,0.55,0.3,0.7
p070,Qwen/Qwen2.5-7B-Instruct::normal_02,16,14.283260345458984,12.833662033081055,16.859661102294922,4.025999069213867,9.942464828491211,0.7,0.4,0.6
p070,Qwen/Qwen2.5-7B-Instruct::normal_03,16,12.651750564575195,8.855829238891602,14.512655258178711,5.656826019287109,8.563786506652832,0.6,0.25,0.75
p070,Qwen/Qwen2.5-7B-Instruct::normal_04,16,13.012435913085938,8.672605514526367,16.247114181518555,7.5745086669921875,8.856605529785156,0.6,0.15,0.85
p071,Qwen/Qwen2.5-7B-Instruct::normal_01,16,16.872173309326172,11.425592422485352,22.706714630126953,11.281122207641602,9.346161842346191,0.5,0.05,0.95
p071,Qwen/Qwen2.5-7B-Instruct::normal_02,16,16.157690048217773,13.813189506530762,18.640323638916016,4.827134132385254,9.555973052978516,0.65,0.2,0.8
p071,Qwen/Qwen2.5-7B-Instruct::normal_03,16,16.35165023803711,10.809295654296875,23.470897674560547,12.661602020263672,10.29053783416748,0.65,0.2,0.8
p071,Qwen/Qwen2.5-7B-Instruct::normal_04,16,16.02120018005371,13.839852333068848,19.271963119506836,5.432110786437988,10.166778564453125,0.6000000000000001,0.4,0.6000000000000001
p072,Qwen/Qwen2.5-7B-Instruct::normal_01,16,15.167322158813477,12.905491828918457,17.089689254760742,4.184197425842285,9.121246337890625,0.55,0.2,0.8
p072,Qwen/Qwen2.5-7B-Instruct::normal_02,16,13.957453727722168,11.964005470275879,15.73256778717041,3.7685623168945312,9.73193073272705,0.6,0.25,0.75
p072,Qwen/Qwen2.5-7B-Instruct::normal_03,16,14.166219711303711,11.490823745727539,16.597305297851562,5.106481552124023,9.62885856628418,0.55,0.3,0.7
p072,Qwen/Qwen2.5-7B-Instruct::normal_04,16,15.323235511779785,14.066559791564941,17.49765396118164,3.431094169616699,9.898735046386719,0.7,0.4,0.6
p073,Qwen/Qwen2.5-7B-Instruct::normal_01,16,14.492420196533203,10.200255393981934,19.032339096069336,8.832083702087402,9.230430603027344,0.5,0.05,0.95
p073,Qwen/Qwen2.5-7B-Instruct::normal_02,16,15.429373741149902,14.115727424621582,17.378252029418945,3.2625246047973633,9.510618209838867,0.7,0.4,0.6
p073,Qwen/Qwen2.5-7B-Instruct::normal_03,16,13.88671875,9.623075485229492,16.514406204223633,6.891330718994141,9.152180671691895,0.6,0.25,0.75
p073,Qwen/Qwen2.5-7B-Instruct::normal_04,16,14.725488662719727,10.354822158813477,20.187328338623047,9.83250617980957,9.230430603027344,0.7,0.4,0.6
p074,Qwen/Qwen2.5-7B-Instruct::normal_01,16,12.627725601196289,9.634431838989258,15.553014755249023,5.918582916259766,8.989007949829102,0.6,0.25,0.75
p074,Qwen/Qwen2.5-7B-Instruct::normal_02,16,12.600522994995117,8.571767807006836,15.381824493408203,6.810056686401367,8.989007949829102,0.6,0.15,0.8500000000000001
p074,Qwen/Qwen2.5-7B-Instruct::normal_03,16,12.630481719970703,9.724271774291992,14.695587158203125,4.971315383911133,8.50529956817627,0.35,0.0,1.0
p074,Qwen/Qwen2.5-7B-Instruct::normal_04,16,12.417688369750977,9.040731430053711,15.610939025878906,6.570207595825195,8.602235794067383,0.35,0.0,1.0
p075,Qwen/Qwen2.5-7B-Instruct::normal_01,16,16.440631866455078,13.529098510742188,21.192249298095703,7.663150787353516,10.448359489440918,0.7,0.35,0.65
p075,Qwen/Qwen2.5-7B-Instruct::normal_02,16,17.955060958862305,14.576558113098145,21.20183753967285,6.625279426574707,10.76183795928955,0.5,0.1,0.8999999999999999
p075,Qwen/Qwen2.5-7B-Instruct::normal_03,16,17.266508102416992,12.370813369750977,22.046186447143555,9.675373077392578,10.01732063293457,0.65,0.35,0.65
p075,Qwen/Qwen2.5-7B-Instruct::normal_04,16,14.974004745483398,11.499648094177246,19.263484954833984,7.763836860656738,9.714003562927246,0.45,0.05,0.95
p076,Qwen/Qwen2.5-7B-Instruct::normal_01,16,15.737109184265137,13.363604545593262,19.663721084594727,6.300116539001465,10.3558988571167,0.55,0.3,0.7
p076,Qwen/Qwen2.5-7B-Instruct::normal_02,16,15.003976821899414,10.666993141174316,20.852283477783203,10.185290336608887,9.820771217346191,0.75,0.55,0.45
p076,Qwen/Qwen2.5-7B-Instruct::normal_03,16,16.636911392211914,13.330619812011719,20.358169555664062,7.027549743652344,9.137482643127441,0.35,0.0,1.0
p076,Qwen/Qwen2.5-7B-Instruct::normal_04,16,16.192251205444336,13.914778709411621,19.532461166381836,5.617682456970215,10.490511894226074,0.6,0.25,0.75
p077,Qwen/Qwen2.5-7B-Instruct::normal_01,16,17.49909782409668,14.696097373962402,24.466400146484375,9.770302772521973,11.060140609741211,0.6,0.3,0.7
p077,Qwen/Qwen2.5-7B-Instruct::normal_02,16,16.246746063232422,11.11424732208252,24.663860321044922,13.549612998962402,11.135836601257324,0.65,0.55,0.45
p077,Qwen/Qwen2.5-7B-Instruct::normal_03,16,16.984683990478516,12.758230209350586,24.061880111694336,11.30364990234375,12.017839431762695,0.30000000000000004,0.0,1.0
p077,Qwen/Qwen2.5-7B-Instruct::normal_04,16,16.32819366455078,12.09017276763916,25.672300338745117,13.582127571105957,11.08624267578125,0.65,0.6000000000000001,0.4
p078,Qwen/Qwen2.5-7B-Instruct::normal_01,16,16.521121978759766,13.627291679382324,21.92258644104004,8.295294761657715,10.882704734802246,0.6,0.3,0.7
p078,Qwen/Qwen2.5-7B-Instruct::normal_02,16,16.23955726623535,12.64260482788086,23.010814666748047,10.368209838867188,10.044672966003418,0.65,0.35,0.65
p078,Qwen/Qwen2.5-7B-Instruct::normal_03,16,16.382524490356445,12.549386978149414,22.66898536682129,10.119598388671875,10.044672966003418,0.6,0.25,0.75
p078,Qwen/Qwen2.5-7B-Instruct::normal_04,16,16.563053131103516,13.177384376525879,22.75041389465332,9.573029518127441,11.111054420471191,0.65,0.2,0.7999999999999999
p079,Qwen/Qwen2.5-7B-Instruct::normal_01,16,16.100378036499023,14.310888290405273,20.582578659057617,6.271690368652344,10.33054256439209,0.55,0.3,0.7
p079,Qwen/Qwen2.5-7B-Instruct::normal_02,16,16.197967529296875,12.951008796691895,22.39151954650879,9.440510749816895,10.284643173217773,0.35,0.0,1.0
p079,Qwen/Qwen2.5-7B-Instruct::normal_03,16,16.373130798339844,13.061257362365723,21.68504524230957,8.623787879943848,9.72804069519043,0.65,0.2,0.8
p079,Qwen/Qwen2.5-7B-Instruct::normal_04,16,16.761402130126953,12.588067054748535,20.668071746826172,8.080004692077637,9.049273490905762,0.6,0.15,0.85
p080,Qwen/Qwen2.5-7B-Instruct::normal_01,16,16.23337173461914,11.715253829956055,23.286148071289062,11.570894241333008,11.632720947265625,0.75,0.5,0.5
p080,Qwen/Qwen2.5-7B-Instruct::normal_02,16,17.214035034179688,14.789758682250977,24.042612075805664,9.252853393554688,12.041563034057617,0.7,0.55,0.45
p080,Qwen/Qwen2.5-7B-Instruct::normal_03,16,17.79155731201172,13.9436674118042,24.228689193725586,10.285021781921387,11.632720947265625,0.6,0.25,0.75
p080,Qwen/Qwen2.5-7B-Instruct::normal_04,16,17.387434005737305,13.964139938354492,22.952939987182617,8.988800048828125,12.223213195800781,1.0,0.25,0.75
p081,Qwen/Qwen2.5-7B-Instruct::normal_01,16,15.338568687438965,13.732314109802246,18.379220962524414,4.646906852722168,9.444311141967773,0.6000000000000001,0.30000000000000004,0.7
p081,Qwen/Qwen2.5-7B-Instruct::normal_02,16,14.08125114440918,11.503950119018555,18.00076675415039,6.496816635131836,9.27856731414795,0.5,0.05,0.95
p081,Qwen/Qwen2.5-7B-Instruct::normal_03,16,16.946491241455078,16.289989471435547,17.598926544189453,1.3089370727539062,9.743053436279297,0.65,0.2,0.7999999999999999
p081,Qwen/Qwen2.5-7B-Instruct::normal_04,16,14.098791122436523,12.955248832702637,16.678865432739258,3.723616600036621,9.825002670288086,0.6,0.15,0.85
p082,Qwen/Qwen2.5-7B-Instruct::normal_01,16,26.58014678955078,21.81690788269043,30.792810440063477,8.975902557373047,13.938545227050781,0.6,0.3,0.7
p082,Qwen/Qwen2.5-7B-Instruct::normal_02,16,25.8614501953125,19.53781509399414,31.110151290893555,11.572336196899414,13.950702667236328,0.55,0.3,0.7
p082,Qwen/Qwen2.5-7B-Instruct::normal_03,16,24.85616683959961,21.013521194458008,29.340381622314453,8.326860427856445,14.340475082397461,0.55,0.3,0.7
p082,Qwen/Qwen2.5-7B-Instruct::normal_04,16,25.32063102722168,19.54881477355957,29.2432918548584,9.694477081298828,13.597664833068848,0.6000000000000001,0.30000000000000004,0.7
p083,Qwen/Qwen2.5-7B-Instruct::normal_01,16,21.734411239624023,17.14674949645996,25.59994888305664,8.45319938659668,9.907559394836426,0.5,0.25,0.75
p083,Qwen/Qwen2.5-7B-Instruct::normal_02,16,19.902742385864258,16.406251907348633,22.760866165161133,6.3546142578125,10.178923606872559,0.6,0.25,0.75
p083,Qwen/Qwen2.5-7B-Instruct::normal_03,16,20.369218826293945,16.631288528442383,23.405288696289062,6.77400016784668,10.10959243774414,0.6,0.25,0.75
p083,Qwen/Qwen2.5-7B-Instruct::normal_04,16,20.047706604003906,17.7420654296875,22.926359176635742,5.184293746948242,10.132875442504883,0.6,0.3,0.7
p084,Qwen/Qwen2.5-7B-Instruct::normal_01,16,18.889163970947266,16.533954620361328,21.42070770263672,4.886753082275391,11.886258125305176,0.7,0.4,0.6
p084,Qwen/Qwen2.5-7B-Instruct::normal_02,16,19.91048240661621,16.903715133666992,23.944438934326172,7.04072380065918,11.565468788146973,1.0,0.5,0.5
p084,Qwen/Qwen2.5-7B-Instruct::normal_04,16,19.77400016784668,16.690122604370117,23.89575958251953,7.205636978149414,11.683741569519043,0.5,0.25,0.75
p085,Qwen/Qwen2.5-7B-Instruct::normal_01,16,31.658241271972656,29.560266494750977,35.458702087402344,5.898435592651367,16.8978271484375,0.6,0.3,0.7
p085,Qwen/Qwen2.5-7B-Instruct::normal_02,16,32.580589294433594,26.508773803710938,36.603546142578125,10.094772338867188,16.805049896240234,0.55,0.3,0.7
p085,Qwen/Qwen2.5-7B-Instruct::normal_03,16,29.29987335205078,27.335336685180664,31.969188690185547,4.633852005004883,16.553081512451172,0.55,0.3,0.7
p085,Qwen/Qwen2.5-7B-Instruct::normal_04,16,29.312183380126953,22.993600845336914,34.43062210083008,11.437021255493164,16.350948333740234,0.55,0.3,0.7
p086,Qwen/Qwen2.5-7B-Instruct::normal_01,16,20.037498474121094,16.868833541870117,22.931747436523438,6.06291389465332,8.796631813049316,0.65,0.30000000000000004,0.7
p086,Qwen/Qwen2.5-7B-Instruct::normal_02,16,21.663421630859375,16.813199996948242,24.77642250061035,7.963222503662109,9.576814651489258,0.35,0.0,1.0
p086,Qwen/Qwen2.5-7B-Instruct::normal_03,16,20.42482566833496,16.058542251586914,23.49808120727539,7.439538955688477,9.52645206451416,0.55,0.2,0.8
p086,Qwen/Qwen2.5-7B-Instruct::normal_04,16,20.399532318115234,15.508342742919922,22.734283447265625,7.225940704345703,9.576814651489258,0.7,0.4,0.6
p087,Qwen/Qwen2.5-7B-Instruct::normal_01,16,22.63304901123047,19.616840362548828,25.7027645111084,6.08592414855957,13.817767143249512,0.6000000000000001,0.30000000000000004,0.7
p087,Qwen/Qwen2.5-7B-Instruct::normal_02,16,22.90431785583496,20.226659774780273,26.232080459594727,6.005420684814453,13.620311737060547,0.6,0.25,0.75
p087,Qwen/Qwen2.5-7B-Instruct::normal_03,16,22.535015106201172,21.997575759887695,23.343870162963867,1.3462944030761719,13.133115768432617,0.6,0.25,0.75
p087,Qwen/Qwen2.5-7B-Instruct::normal_04,16,23.137954711914062,20.914854049682617,24.88958740234375,3.974733352661133,13.128602981567383,0.7,0.4,0.6
p088,Qwen/Qwen2.5-7B-Instruct::normal_01,16,20.614789962768555,17.87261962890625,24.142793655395508,6.270174026489258,11.8031005859375,0.35,0.0,1.0
p088,Qwen/Qwen2.5-7B-Instruct::normal_02,16,18.603132247924805,15.643668174743652,23.43981170654297,7.796143531799316,11.89687728881836,0.65,0.6000000000000001,0.4
p088,Qwen/Qwen2.5-7B-Instruct::normal_03,16,19.182491302490234,16.147930145263672,23.579662322998047,7.431732177734375,11.89687728881836,0.6000000000000001,0.30000000000000004,0.7
p088,Qwen/Qwen2.5-7B-Instruct::normal_04,16,19.824846267700195,17.87110710144043,21.54854393005371,3.6774368286132812,10.480264663696289,0.6000000000000001,0.30000000000000004,0.7
p089,Qwen/Qwen2.5-7B-Instruct::normal_01,16,20.119457244873047,14.510323524475098,29.715457916259766,15.205134391784668,13.51845932006836,0.75,0.25,0.75
p089,Qwen/Qwen2.5-7B-Instruct::normal_02,16,19.786518096923828,12.547374725341797,29.83501625061035,17.287641525268555,13.21192741394043,0.30000000000000004,0.0,1.0
p089,Qwen/Qwen2.5-7B-Instruct::normal_03,16,19.61345672607422,11.544833183288574,30.50316619873047,18.958332061767578,14.199292182922363,1.0,0.5,0.5
p089,Qwen/Qwen2.5-7B-Instruct::normal_04,16,18.765588760375977,14.639708518981934,27.069618225097656,12.429909706115723,13.846009254455566,0.75,0.55,0.45
p090,Qwen/Qwen2.5-7B-Instruct::normal_01,16,16.836877822875977,12.201298713684082,24.69732666015625,12.496027946472168,10.547784805297852,0.5,0.1,0.9
p090,Qwen/Qwen2.5-7B-Instruct::normal_02,16,15.980306625366211,13.12654972076416,22.844682693481445,9.718132972717285,10.415993690490723,0.55,0.25,0.75
p090,Qwen/Qwen2.5-7B-Instruct::normal_03,16,15.762951850891113,11.018572807312012,23.049800872802734,12.031228065490723,10.087807655334473,0.5,0.1,0.8999999999999999
p090,Qwen/Qwen2.5-7B-Instruct::normal_04,16,16.48500633239746,13.024235725402832,24.32370376586914,11.299468040466309,11.019536972045898,0.7,0.25,0.75
p091,Qwen/Qwen2.5-7B-Instruct::normal_01,16,17.12105369567871,13.188015937805176,22.984149932861328,9.796133995056152,11.246894836425781,0.75,0.25,0.75
p091,Qwen/Qwen2.5-7B-Instruct::normal_02,16,16.9700984954834,12.895294189453125,21.911033630371094,9.015739440917969,10.999273300170898,0.5,0.05,0.95
p091,Qwen/Qwen2.5-7B-Instruct::normal_03,16,15.165082931518555,11.503637313842773,18.0638370513916,6.560199737548828,10.57365894317627,0.55,0.1,0.8999999999999999
p091,Qwen/Qwen2.5-7B-Instruct::normal_04,16,16.143312454223633,13.514265060424805,19.723182678222656,6.208917617797852,10.016477584838867,0.65,0.2,0.7999999999999999
p092,Qwen/Qwen2.5-7B-Instruct::normal_01,16,17.7159423828125,16.09603500366211,21.59816551208496,5.502130508422852,11.44110107421875,0.7,0.6,0.4
p092,Qwen/Qwen2.5-7B-Instruct::normal_02,16,17.536911010742188,14.903371810913086,21.551530838012695,6.648159027099609,11.853850364685059,0.6,0.25,0.75
p092,Qwen/Qwen2.5-7B-Instruct::normal_03,16,18.29304313659668,14.505441665649414,20.72944450378418,6.224002838134766,11.824321746826172,0.7,0.4,0.6
p092,Qwen/Qwen2.5-7B-Instruct::normal_04,16,17.902185440063477,15.549161911010742,21.558141708374023,6.008979797363281,11.128861427307129,0.30000000000000004,0.0,1.0
p093,Qwen/Qwen2.5-7B-Instruct::normal_01,16,15.764491081237793,11.604966163635254,23.037439346313477,11.432473182678223,10.476971626281738,0.6,0.3,0.7
p093,Qwen/Qwen2.5-7B-Instruct::normal_03,16,17.584117889404297,14.760198593139648,23.866321563720703,9.106122970581055,10.947876930236816,0.7,0.4,0.6000000000000001
p093,Qwen/Qwen2.5-7B-Instruct::normal_04,16,18.151174545288086,15.161181449890137,25.4423770904541,10.281195640563965,11.436918258666992,0.6000000000000001,0.30000000000000004,0.7
p094,Qwen/Qwen2.5-7B-Instruct::normal_01,16,17.866764068603516,13.306124687194824,24.03889274597168,10.732768058776855,11.495726585388184,0.5,0.1,0.9
p094,Qwen/Qwen2.5-7B-Instruct::normal_02,16,18.099380493164062,14.673094749450684,22.39973258972168,7.726637840270996,11.033767700195312,0.7,0.35,0.65
p094,Qwen/Qwen2.5-7B-Instruct::normal_03,16,17.793842315673828,13.328703880310059,23.692628860473633,10.363924980163574,11.80445671081543,0.35,0.0,1.0
p094,Qwen/Qwen2.5-7B-Instruct::normal_04,16,17.671918869018555,14.334613800048828,21.328248977661133,6.993635177612305,10.851969718933105,0.35,0.0,1.0
p095,Qwen/Qwen2.5-7B-Instruct::normal_01,16,15.715801239013672,12.946555137634277,20.241384506225586,7.294829368591309,10.773407936096191,0.55,0.3,0.7
p095,Qwen/Qwen2.5-7B-Instruct::normal_02,16,15.963905334472656,12.408952713012695,22.215763092041016,9.80681037902832,10.404851913452148,0.55,0.3,0.7
p095,Qwen/Qwen2.5-7B-Instruct::normal_03,16,16.287578582763672,12.108330726623535,21.664596557617188,9.556265830993652,10.713687896728516,0.65,0.1,0.9
p095,Qwen/Qwen2.5-7B-Instruct::normal_04,16,15.607333183288574,11.477169036865234,22.06460189819336,10.587432861328125,10.84594440460205,0.6,0.3,0.7
p096,Qwen/Qwen2.5-7B-Instruct::normal_01,16,16.811376571655273,12.994677543640137,24.35779571533203,11.363118171691895,10.965526580810547,0.15,0.0,1.0
p096,Qwen/Qwen2.5-7B-Instruct::normal_03,16,16.056968688964844,11.80238151550293,21.9540958404541,10.151714324951172,10.821834564208984,0.6,0.15,0.85
p096,Qwen/Qwen2.5-7B-Instruct::normal_04,16,16.842144012451172,13.176887512207031,23.442663192749023,10.265775680541992,10.965526580810547,0.35,0.0,1.0
p097,Qwen/Qwen2.5-7B-Instruct::normal_01,16,15.397446632385254,12.773463249206543,20.543949127197266,7.770485877990723,9.730863571166992,0.35,0.0,1.0
p097,Qwen/Qwen2.5-7B-Instruct::normal_02,16,17.602516174316406,13.231592178344727,23.68609046936035,10.454498291015625,10.541802406311035,0.55,0.1,0.9
p097,Qwen/Qwen2.5-7B-Instruct::normal_03,16,15.73037338256836,12.393698692321777,20.5710506439209,8.177351951599121,10.194380760192871,0.6000000000000001,0.30000000000000004,0.7
p097,Qwen/Qwen2.5-7B-Instruct::normal_04,16,15.978851318359375,10.70042610168457,20.880895614624023,10.180469512939453,10.160375595092773,0.5,0.05,0.95
p098,Qwen/Qwen2.5-7B-Instruct::normal_01,16,16.38926124572754,13.451140403747559,22.480554580688477,9.029414176940918,11.232001304626465,0.6,0.3,0.7
p098,Qwen/Qwen2.5-7B-Instruct::normal_02,16,16.480369567871094,11.442049026489258,23.832780838012695,12.390731811523438,10.815937042236328,0.55,0.1,0.8999999999999999
p098,Qwen/Qwen2.5-7B-Instruct::normal_03,16,16.152978897094727,13.174592018127441,23.79555320739746,10.62096118927002,11.17253589630127,0.55,0.1,0.8999999999999999
p098,Qwen/Qwen2.5-7B-Instruct::normal_04,16,16.470006942749023,12.405125617980957,24.660858154296875,12.255732536315918,10.648550987243652,0.65,0.30000000000000004,0.7
p099,Qwen/Qwen2.5-7B-Instruct::normal_01,16,16.609235763549805,12.385147094726562,25.94933319091797,13.564186096191406,10.715702056884766,0.6,0.25,0.75
p099,Qwen/Qwen2.5-7B-Instruct::normal_02,16,16.60379409790039,12.193025588989258,26.066558837890625,13.873533248901367,10.715702056884766,0.5,0.1,0.9
p099,Qwen/Qwen2.5-7B-Instruct::normal_03,16,16.034221649169922,11.983838081359863,25.630884170532227,13.647046089172363,10.782417297363281,0.5,0.05,0.95
p099,Qwen/Qwen2.5-7B-Instruct::normal_04,16,16.067258834838867,12.016261100769043,24.008468627929688,11.992207527160645,10.392672538757324,0.35,0.0,0.9999999999999999
p100,Qwen/Qwen2.5-7B-Instruct::normal_01,16,17.585006713867188,14.523983001708984,20.72730827331543,6.203325271606445,9.997339248657227,0.6,0.15,0.85
p100,Qwen/Qwen2.5-7B-Instruct::normal_02,16,18.3181209564209,14.939554214477539,23.878454208374023,8.938899993896484,10.85936450958252,0.6000000000000001,0.35,0.65
p100,Qwen/Qwen2.5-7B-Instruct::normal_03,16,17.638778686523438,14.759578704833984,23.151533126831055,8.39195442199707,10.789590835571289,0.6,0.25,0.75
p100,Qwen/Qwen2.5-7B-Instruct::normal_04,16,17.259395599365234,15.43184757232666,18.84743309020996,3.415585517883301,10.287822723388672,0.55,0.1,0.9
